-- Description of the INIT Data ----------------------------
-- User ID
-- 1 充提系统账户
-- 2 手续费账户
-- 3 管理后台总账户
-- 4 运营账户
-- 5 资管账户
-- 6 借贷本金账户
-- 7，8，9 备用系统账户
-- 1001，1002，1003，1004 普通用户

-- Dump data of "t_account" --------------------------------
INSERT INTO `t_account`(`f_id`,`f_version`,`f_user_id`,`f_type`,`f_state`,`f_created_at`,`f_updated_at`) VALUES ( '1', '0', '1', '1', '1', '1492139056673', '1492139056673' );
INSERT INTO `t_account`(`f_id`,`f_version`,`f_user_id`,`f_type`,`f_state`,`f_created_at`,`f_updated_at`) VALUES ( '2', '0', '2', '1', '1', '1492139062900', '1492139062900' );
INSERT INTO `t_account`(`f_id`,`f_version`,`f_user_id`,`f_type`,`f_state`,`f_created_at`,`f_updated_at`) VALUES ( '3', '0', '3', '1', '1', '1492139065974', '1492139065974' );
INSERT INTO `t_account`(`f_id`,`f_version`,`f_user_id`,`f_type`,`f_state`,`f_created_at`,`f_updated_at`) VALUES ( '4', '0', '4', '1', '1', '1492139070637', '1492139070637' );
INSERT INTO `t_account`(`f_id`,`f_version`,`f_user_id`,`f_type`,`f_state`,`f_created_at`,`f_updated_at`) VALUES ( '5', '0', '5', '1', '1', '1492139073858', '1492139073858' );
INSERT INTO `t_account`(`f_id`,`f_version`,`f_user_id`,`f_type`,`f_state`,`f_created_at`,`f_updated_at`) VALUES ( '6', '0', '6', '1', '1', '1492139080811', '1492139080811' );
INSERT INTO `t_account`(`f_id`,`f_version`,`f_user_id`,`f_type`,`f_state`,`f_created_at`,`f_updated_at`) VALUES ( '7', '0', '7', '1', '1', '1492139084489', '1492139084489' );
INSERT INTO `t_account`(`f_id`,`f_version`,`f_user_id`,`f_type`,`f_state`,`f_created_at`,`f_updated_at`) VALUES ( '8', '0', '8', '1', '1', '1492139088488', '1492139088488' );
INSERT INTO `t_account`(`f_id`,`f_version`,`f_user_id`,`f_type`,`f_state`,`f_created_at`,`f_updated_at`) VALUES ( '9', '0', '9', '1', '1', '1492139092605', '1492139092605' );
INSERT INTO `t_account`(`f_id`,`f_version`,`f_user_id`,`f_type`,`f_state`,`f_created_at`,`f_updated_at`) VALUES ( '10', '0', '1001', '2', '1', '1492139108955', '1492139108955' );
INSERT INTO `t_account`(`f_id`,`f_version`,`f_user_id`,`f_type`,`f_state`,`f_created_at`,`f_updated_at`) VALUES ( '11', '0', '1001', '4', '1', '1492139108959', '1492139108959' );
INSERT INTO `t_account`(`f_id`,`f_version`,`f_user_id`,`f_type`,`f_state`,`f_created_at`,`f_updated_at`) VALUES ( '12', '0', '1002', '2', '1', '1492139112012', '1492139112012' );
INSERT INTO `t_account`(`f_id`,`f_version`,`f_user_id`,`f_type`,`f_state`,`f_created_at`,`f_updated_at`) VALUES ( '13', '0', '1002', '4', '1', '1492139112016', '1492139112016' );
INSERT INTO `t_account`(`f_id`,`f_version`,`f_user_id`,`f_type`,`f_state`,`f_created_at`,`f_updated_at`) VALUES ( '14', '0', '1003', '2', '1', '1492139114487', '1492139114487' );
INSERT INTO `t_account`(`f_id`,`f_version`,`f_user_id`,`f_type`,`f_state`,`f_created_at`,`f_updated_at`) VALUES ( '15', '0', '1003', '4', '1', '1492139114491', '1492139114491' );
INSERT INTO `t_account`(`f_id`,`f_version`,`f_user_id`,`f_type`,`f_state`,`f_created_at`,`f_updated_at`) VALUES ( '16', '0', '1004', '2', '1', '1492139117390', '1492139117390' );
INSERT INTO `t_account`(`f_id`,`f_version`,`f_user_id`,`f_type`,`f_state`,`f_created_at`,`f_updated_at`) VALUES ( '17', '0', '1004', '4', '1', '1492139117395', '1492139117395' );
-- ---------------------------------------------------------

-- Dump data of "t_subaccount" -----------------------------
INSERT INTO `t_subaccount`(`f_id`,`f_version`,`f_user_id`,`f_account_id`,`f_currency`,`f_type`,`f_balance`,`f_created_at`,`f_updated_at`) VALUES ( '1', '0', '1', '1', 'cny', '1', '0.0000000000', '1492139056733', '1492139056733' );
INSERT INTO `t_subaccount`(`f_id`,`f_version`,`f_user_id`,`f_account_id`,`f_currency`,`f_type`,`f_balance`,`f_created_at`,`f_updated_at`) VALUES ( '2', '0', '1', '1', 'etc', '1', '0.0000000000', '1492139056733', '1492139056733' );
INSERT INTO `t_subaccount`(`f_id`,`f_version`,`f_user_id`,`f_account_id`,`f_currency`,`f_type`,`f_balance`,`f_created_at`,`f_updated_at`) VALUES ( '3', '0', '1', '1', 'eth', '1', '0.0000000000', '1492139056733', '1492139056733' );
INSERT INTO `t_subaccount`(`f_id`,`f_version`,`f_user_id`,`f_account_id`,`f_currency`,`f_type`,`f_balance`,`f_created_at`,`f_updated_at`) VALUES ( '4', '0', '2', '2', 'cny', '1', '0.0000000000', '1492139062902', '1492139062902' );
INSERT INTO `t_subaccount`(`f_id`,`f_version`,`f_user_id`,`f_account_id`,`f_currency`,`f_type`,`f_balance`,`f_created_at`,`f_updated_at`) VALUES ( '5', '0', '2', '2', 'etc', '1', '0.0000000000', '1492139062902', '1492139062902' );
INSERT INTO `t_subaccount`(`f_id`,`f_version`,`f_user_id`,`f_account_id`,`f_currency`,`f_type`,`f_balance`,`f_created_at`,`f_updated_at`) VALUES ( '6', '0', '2', '2', 'eth', '1', '0.0000000000', '1492139062902', '1492139062902' );
INSERT INTO `t_subaccount`(`f_id`,`f_version`,`f_user_id`,`f_account_id`,`f_currency`,`f_type`,`f_balance`,`f_created_at`,`f_updated_at`) VALUES ( '7', '0', '3', '3', 'cny', '1', '0.0000000000', '1492139065975', '1492139065975' );
INSERT INTO `t_subaccount`(`f_id`,`f_version`,`f_user_id`,`f_account_id`,`f_currency`,`f_type`,`f_balance`,`f_created_at`,`f_updated_at`) VALUES ( '8', '0', '3', '3', 'etc', '1', '0.0000000000', '1492139065975', '1492139065975' );
INSERT INTO `t_subaccount`(`f_id`,`f_version`,`f_user_id`,`f_account_id`,`f_currency`,`f_type`,`f_balance`,`f_created_at`,`f_updated_at`) VALUES ( '9', '0', '3', '3', 'eth', '1', '0.0000000000', '1492139065975', '1492139065975' );
INSERT INTO `t_subaccount`(`f_id`,`f_version`,`f_user_id`,`f_account_id`,`f_currency`,`f_type`,`f_balance`,`f_created_at`,`f_updated_at`) VALUES ( '10', '0', '4', '4', 'cny', '1', '0.0000000000', '1492139070638', '1492139070638' );
INSERT INTO `t_subaccount`(`f_id`,`f_version`,`f_user_id`,`f_account_id`,`f_currency`,`f_type`,`f_balance`,`f_created_at`,`f_updated_at`) VALUES ( '11', '0', '4', '4', 'etc', '1', '0.0000000000', '1492139070638', '1492139070638' );
INSERT INTO `t_subaccount`(`f_id`,`f_version`,`f_user_id`,`f_account_id`,`f_currency`,`f_type`,`f_balance`,`f_created_at`,`f_updated_at`) VALUES ( '12', '0', '4', '4', 'eth', '1', '0.0000000000', '1492139070638', '1492139070638' );
INSERT INTO `t_subaccount`(`f_id`,`f_version`,`f_user_id`,`f_account_id`,`f_currency`,`f_type`,`f_balance`,`f_created_at`,`f_updated_at`) VALUES ( '13', '0', '5', '5', 'cny', '1', '0.0000000000', '1492139073860', '1492139073860' );
INSERT INTO `t_subaccount`(`f_id`,`f_version`,`f_user_id`,`f_account_id`,`f_currency`,`f_type`,`f_balance`,`f_created_at`,`f_updated_at`) VALUES ( '14', '0', '5', '5', 'etc', '1', '0.0000000000', '1492139073860', '1492139073860' );
INSERT INTO `t_subaccount`(`f_id`,`f_version`,`f_user_id`,`f_account_id`,`f_currency`,`f_type`,`f_balance`,`f_created_at`,`f_updated_at`) VALUES ( '15', '0', '5', '5', 'eth', '1', '0.0000000000', '1492139073860', '1492139073860' );
INSERT INTO `t_subaccount`(`f_id`,`f_version`,`f_user_id`,`f_account_id`,`f_currency`,`f_type`,`f_balance`,`f_created_at`,`f_updated_at`) VALUES ( '16', '0', '6', '6', 'cny', '1', '0.0000000000', '1492139080813', '1492139080813' );
INSERT INTO `t_subaccount`(`f_id`,`f_version`,`f_user_id`,`f_account_id`,`f_currency`,`f_type`,`f_balance`,`f_created_at`,`f_updated_at`) VALUES ( '17', '0', '6', '6', 'etc', '1', '0.0000000000', '1492139080814', '1492139080814' );
INSERT INTO `t_subaccount`(`f_id`,`f_version`,`f_user_id`,`f_account_id`,`f_currency`,`f_type`,`f_balance`,`f_created_at`,`f_updated_at`) VALUES ( '18', '0', '6', '6', 'eth', '1', '0.0000000000', '1492139080814', '1492139080814' );
INSERT INTO `t_subaccount`(`f_id`,`f_version`,`f_user_id`,`f_account_id`,`f_currency`,`f_type`,`f_balance`,`f_created_at`,`f_updated_at`) VALUES ( '19', '0', '7', '7', 'cny', '1', '0.0000000000', '1492139084491', '1492139084491' );
INSERT INTO `t_subaccount`(`f_id`,`f_version`,`f_user_id`,`f_account_id`,`f_currency`,`f_type`,`f_balance`,`f_created_at`,`f_updated_at`) VALUES ( '20', '0', '7', '7', 'etc', '1', '0.0000000000', '1492139084491', '1492139084491' );
INSERT INTO `t_subaccount`(`f_id`,`f_version`,`f_user_id`,`f_account_id`,`f_currency`,`f_type`,`f_balance`,`f_created_at`,`f_updated_at`) VALUES ( '21', '0', '7', '7', 'eth', '1', '0.0000000000', '1492139084491', '1492139084491' );
INSERT INTO `t_subaccount`(`f_id`,`f_version`,`f_user_id`,`f_account_id`,`f_currency`,`f_type`,`f_balance`,`f_created_at`,`f_updated_at`) VALUES ( '22', '0', '8', '8', 'cny', '1', '0.0000000000', '1492139088490', '1492139088490' );
INSERT INTO `t_subaccount`(`f_id`,`f_version`,`f_user_id`,`f_account_id`,`f_currency`,`f_type`,`f_balance`,`f_created_at`,`f_updated_at`) VALUES ( '23', '0', '8', '8', 'etc', '1', '0.0000000000', '1492139088490', '1492139088490' );
INSERT INTO `t_subaccount`(`f_id`,`f_version`,`f_user_id`,`f_account_id`,`f_currency`,`f_type`,`f_balance`,`f_created_at`,`f_updated_at`) VALUES ( '24', '0', '8', '8', 'eth', '1', '0.0000000000', '1492139088490', '1492139088490' );
INSERT INTO `t_subaccount`(`f_id`,`f_version`,`f_user_id`,`f_account_id`,`f_currency`,`f_type`,`f_balance`,`f_created_at`,`f_updated_at`) VALUES ( '25', '0', '9', '9', 'cny', '1', '0.0000000000', '1492139092607', '1492139092607' );
INSERT INTO `t_subaccount`(`f_id`,`f_version`,`f_user_id`,`f_account_id`,`f_currency`,`f_type`,`f_balance`,`f_created_at`,`f_updated_at`) VALUES ( '26', '0', '9', '9', 'etc', '1', '0.0000000000', '1492139092607', '1492139092607' );
INSERT INTO `t_subaccount`(`f_id`,`f_version`,`f_user_id`,`f_account_id`,`f_currency`,`f_type`,`f_balance`,`f_created_at`,`f_updated_at`) VALUES ( '27', '0', '9', '9', 'eth', '1', '0.0000000000', '1492139092607', '1492139092607' );
INSERT INTO `t_subaccount`(`f_id`,`f_version`,`f_user_id`,`f_account_id`,`f_currency`,`f_type`,`f_balance`,`f_created_at`,`f_updated_at`) VALUES ( '28', '0', '1001', '10', 'cny', '2', '100000.0000000000', '1492139108957', '1492139108957' );
INSERT INTO `t_subaccount`(`f_id`,`f_version`,`f_user_id`,`f_account_id`,`f_currency`,`f_type`,`f_balance`,`f_created_at`,`f_updated_at`) VALUES ( '29', '0', '1001', '10', 'cny', '3', '0.0000000000', '1492139108957', '1492139108957' );
INSERT INTO `t_subaccount`(`f_id`,`f_version`,`f_user_id`,`f_account_id`,`f_currency`,`f_type`,`f_balance`,`f_created_at`,`f_updated_at`) VALUES ( '30', '0', '1001', '10', 'etc', '2', '10.0000000000', '1492139108957', '1492139108957' );
INSERT INTO `t_subaccount`(`f_id`,`f_version`,`f_user_id`,`f_account_id`,`f_currency`,`f_type`,`f_balance`,`f_created_at`,`f_updated_at`) VALUES ( '31', '0', '1001', '10', 'etc', '3', '0.0000000000', '1492139108957', '1492139108957' );
INSERT INTO `t_subaccount`(`f_id`,`f_version`,`f_user_id`,`f_account_id`,`f_currency`,`f_type`,`f_balance`,`f_created_at`,`f_updated_at`) VALUES ( '32', '0', '1001', '10', 'eth', '2', '10.0000000000', '1492139108957', '1492139108957' );
INSERT INTO `t_subaccount`(`f_id`,`f_version`,`f_user_id`,`f_account_id`,`f_currency`,`f_type`,`f_balance`,`f_created_at`,`f_updated_at`) VALUES ( '33', '0', '1001', '10', 'eth', '3', '0.0000000000', '1492139108957', '1492139108957' );
INSERT INTO `t_subaccount`(`f_id`,`f_version`,`f_user_id`,`f_account_id`,`f_currency`,`f_type`,`f_balance`,`f_created_at`,`f_updated_at`) VALUES ( '34', '0', '1002', '12', 'cny', '2', '100000.0000000000', '1492139112014', '1492139112014' );
INSERT INTO `t_subaccount`(`f_id`,`f_version`,`f_user_id`,`f_account_id`,`f_currency`,`f_type`,`f_balance`,`f_created_at`,`f_updated_at`) VALUES ( '35', '0', '1002', '12', 'cny', '3', '0.0000000000', '1492139112014', '1492139112014' );
INSERT INTO `t_subaccount`(`f_id`,`f_version`,`f_user_id`,`f_account_id`,`f_currency`,`f_type`,`f_balance`,`f_created_at`,`f_updated_at`) VALUES ( '36', '0', '1002', '12', 'etc', '2', '10.0000000000', '1492139112014', '1492139112014' );
INSERT INTO `t_subaccount`(`f_id`,`f_version`,`f_user_id`,`f_account_id`,`f_currency`,`f_type`,`f_balance`,`f_created_at`,`f_updated_at`) VALUES ( '37', '0', '1002', '12', 'etc', '3', '0.0000000000', '1492139112014', '1492139112014' );
INSERT INTO `t_subaccount`(`f_id`,`f_version`,`f_user_id`,`f_account_id`,`f_currency`,`f_type`,`f_balance`,`f_created_at`,`f_updated_at`) VALUES ( '38', '0', '1002', '12', 'eth', '2', '10.0000000000', '1492139112014', '1492139112014' );
INSERT INTO `t_subaccount`(`f_id`,`f_version`,`f_user_id`,`f_account_id`,`f_currency`,`f_type`,`f_balance`,`f_created_at`,`f_updated_at`) VALUES ( '39', '0', '1002', '12', 'eth', '3', '0.0000000000', '1492139112014', '1492139112014' );
INSERT INTO `t_subaccount`(`f_id`,`f_version`,`f_user_id`,`f_account_id`,`f_currency`,`f_type`,`f_balance`,`f_created_at`,`f_updated_at`) VALUES ( '40', '0', '1003', '14', 'cny', '2', '100000.0000000000', '1492139114489', '1492139114489' );
INSERT INTO `t_subaccount`(`f_id`,`f_version`,`f_user_id`,`f_account_id`,`f_currency`,`f_type`,`f_balance`,`f_created_at`,`f_updated_at`) VALUES ( '41', '0', '1003', '14', 'cny', '3', '0.0000000000', '1492139114489', '1492139114489' );
INSERT INTO `t_subaccount`(`f_id`,`f_version`,`f_user_id`,`f_account_id`,`f_currency`,`f_type`,`f_balance`,`f_created_at`,`f_updated_at`) VALUES ( '42', '0', '1003', '14', 'etc', '2', '10.0000000000', '1492139114489', '1492139114489' );
INSERT INTO `t_subaccount`(`f_id`,`f_version`,`f_user_id`,`f_account_id`,`f_currency`,`f_type`,`f_balance`,`f_created_at`,`f_updated_at`) VALUES ( '43', '0', '1003', '14', 'etc', '3', '0.0000000000', '1492139114489', '1492139114489' );
INSERT INTO `t_subaccount`(`f_id`,`f_version`,`f_user_id`,`f_account_id`,`f_currency`,`f_type`,`f_balance`,`f_created_at`,`f_updated_at`) VALUES ( '44', '0', '1003', '14', 'eth', '2', '10.0000000000', '1492139114489', '1492139114489' );
INSERT INTO `t_subaccount`(`f_id`,`f_version`,`f_user_id`,`f_account_id`,`f_currency`,`f_type`,`f_balance`,`f_created_at`,`f_updated_at`) VALUES ( '45', '0', '1003', '14', 'eth', '3', '0.0000000000', '1492139114489', '1492139114489' );
INSERT INTO `t_subaccount`(`f_id`,`f_version`,`f_user_id`,`f_account_id`,`f_currency`,`f_type`,`f_balance`,`f_created_at`,`f_updated_at`) VALUES ( '46', '0', '1004', '16', 'cny', '2', '100000.0000000000', '1492139117392', '1492139117392' );
INSERT INTO `t_subaccount`(`f_id`,`f_version`,`f_user_id`,`f_account_id`,`f_currency`,`f_type`,`f_balance`,`f_created_at`,`f_updated_at`) VALUES ( '47', '0', '1004', '16', 'cny', '3', '0.0000000000', '1492139117392', '1492139117392' );
INSERT INTO `t_subaccount`(`f_id`,`f_version`,`f_user_id`,`f_account_id`,`f_currency`,`f_type`,`f_balance`,`f_created_at`,`f_updated_at`) VALUES ( '48', '0', '1004', '16', 'etc', '2', '10.0000000000', '1492139117392', '1492139117392' );
INSERT INTO `t_subaccount`(`f_id`,`f_version`,`f_user_id`,`f_account_id`,`f_currency`,`f_type`,`f_balance`,`f_created_at`,`f_updated_at`) VALUES ( '49', '0', '1004', '16', 'etc', '3', '0.0000000000', '1492139117392', '1492139117392' );
INSERT INTO `t_subaccount`(`f_id`,`f_version`,`f_user_id`,`f_account_id`,`f_currency`,`f_type`,`f_balance`,`f_created_at`,`f_updated_at`) VALUES ( '50', '0', '1004', '16', 'eth', '2', '10.0000000000', '1492139117392', '1492139117392' );
INSERT INTO `t_subaccount`(`f_id`,`f_version`,`f_user_id`,`f_account_id`,`f_currency`,`f_type`,`f_balance`,`f_created_at`,`f_updated_at`) VALUES ( '51', '0', '1004', '16', 'eth', '3', '0.0000000000', '1492139117392', '1492139117392' );
-- ---------------------------------------------------------

-- Dump data of "t_subaccount" -----------------------------
insert into  t_subaccount_transactions(f_id, f_version, f_action_id, f_user_id, f_account_id, f_subaccount_id, f_amount, f_currency, f_type, f_balance, f_source_type, f_source_type_code, f_source_id, f_source_ext,f_created_at,f_updated_at) value(1, 0, 1, 1003,14, 44, 0.1, 'eth',1,0.1,'system-account-deposit-in', '01001', 17,'',1495210731002,1495210731002);
insert into  t_subaccount_transactions(f_id, f_version, f_action_id, f_user_id, f_account_id, f_subaccount_id, f_amount, f_currency, f_type, f_balance, f_source_type, f_source_type_code, f_source_id, f_source_ext,f_created_at,f_updated_at) value(2, 0, 2, 1003,14, 44, -0.1, 'eth',1,0,'user-account-deposit', '01003', 17,'',1495210731061,1495210731061);
insert into  t_subaccount_transactions(f_id, f_version, f_action_id, f_user_id, f_account_id, f_subaccount_id, f_amount, f_currency, f_type, f_balance, f_source_type, f_source_type_code, f_source_id, f_source_ext,f_created_at,f_updated_at) value(6, 0, 4, 1003,14, 44, 0.3, 'eth',1,0.3,'system-account-deposit-in', '01001', 17,'',1495211140857,1495211140857);
insert into  t_subaccount_transactions(f_id, f_version, f_action_id, f_user_id, f_account_id, f_subaccount_id, f_amount, f_currency, f_type, f_balance, f_source_type, f_source_type_code, f_source_id, f_source_ext,f_created_at,f_updated_at) value(7, 0, 5, 1003,14, 44, -0.3, 'eth',1,0,'user-account-deposit', '01003', 17,'',1495211140898,1495211140898);
insert into  t_subaccount_transactions(f_id, f_version, f_action_id, f_user_id, f_account_id, f_subaccount_id, f_amount, f_currency, f_type, f_balance, f_source_type, f_source_type_code, f_source_id, f_source_ext,f_created_at,f_updated_at) value(11, 0, 7, 1003,14, 44, 0.12, 'eth',1,0.12,'system-account-deposit-in', '01001', 17,'',1495212591296,1495212591296);
insert into  t_subaccount_transactions(f_id, f_version, f_action_id, f_user_id, f_account_id, f_subaccount_id, f_amount, f_currency, f_type, f_balance, f_source_type, f_source_type_code, f_source_id, f_source_ext,f_created_at,f_updated_at) value(13, 0, 8, 1003,14, 44, -0.12, 'eth',1,0,'user-account-deposit', '01003', 17,'',1495212591342,1495212591342);
insert into  t_subaccount_transactions(f_id, f_version, f_action_id, f_user_id, f_account_id, f_subaccount_id, f_amount, f_currency, f_type, f_balance, f_source_type, f_source_type_code, f_source_id, f_source_ext,f_created_at,f_updated_at) value(16, 0, 10, 1003,14, 44, 0.3, 'eth',1,0.3,'system-account-deposit-in', '01001', 17,'',1495212620623,1495212620623);
insert into  t_subaccount_transactions(f_id, f_version, f_action_id, f_user_id, f_account_id, f_subaccount_id, f_amount, f_currency, f_type, f_balance, f_source_type, f_source_type_code, f_source_id, f_source_ext,f_created_at,f_updated_at) value(17, 0, 11, 1003,14, 44, -0.3, 'eth',1,0,'user-account-deposit', '01003', 17,'',1495212620657,1495212620657);
insert into  t_subaccount_transactions(f_id, f_version, f_action_id, f_user_id, f_account_id, f_subaccount_id, f_amount, f_currency, f_type, f_balance, f_source_type, f_source_type_code, f_source_id, f_source_ext,f_created_at,f_updated_at) value(39, 0, 23, 1003,14, 40, 100, 'cny',1,100,'system-account-deposit-in', '01001', 17,'',1495215571639,1495215571639);
insert into  t_subaccount_transactions(f_id, f_version, f_action_id, f_user_id, f_account_id, f_subaccount_id, f_amount, f_currency, f_type, f_balance, f_source_type, f_source_type_code, f_source_id, f_source_ext,f_created_at,f_updated_at) value(40, 0, 24, 1003,14, 40, -100, 'cny',1,0,'user-account-deposit', '01003', 17,'',1495215571661,1495215571661);
insert into  t_subaccount_transactions(f_id, f_version, f_action_id, f_user_id, f_account_id, f_subaccount_id, f_amount, f_currency, f_type, f_balance, f_source_type, f_source_type_code, f_source_id, f_source_ext,f_created_at,f_updated_at) value(42, 0, 25, 1003,14, 40, 11.1, 'cny',1,11.1,'system-account-deposit-in', '01001', 17,'',1495215583479,1495215583479);
insert into  t_subaccount_transactions(f_id, f_version, f_action_id, f_user_id, f_account_id, f_subaccount_id, f_amount, f_currency, f_type, f_balance, f_source_type, f_source_type_code, f_source_id, f_source_ext,f_created_at,f_updated_at) value(43, 0, 26, 1003,14, 40, -11.1, 'cny',1,0,'user-account-deposit', '01003', 17,'',1495215583495,1495215583495);
insert into  t_subaccount_transactions(f_id, f_version, f_action_id, f_user_id, f_account_id, f_subaccount_id, f_amount, f_currency, f_type, f_balance, f_source_type, f_source_type_code, f_source_id, f_source_ext,f_created_at,f_updated_at) value(59, 0, 34, 1003,14, 40, 50, 'cny',1,50,'system-account-deposit-in', '01001', 17,'',1495215602433,1495215602433);
insert into  t_subaccount_transactions(f_id, f_version, f_action_id, f_user_id, f_account_id, f_subaccount_id, f_amount, f_currency, f_type, f_balance, f_source_type, f_source_type_code, f_source_id, f_source_ext,f_created_at,f_updated_at) value(60, 0, 35, 1003,14, 40, -50, 'cny',1,0,'user-account-deposit', '01003', 17,'',1495215602454,1495215602454);
insert into  t_subaccount_transactions(f_id, f_version, f_action_id, f_user_id, f_account_id, f_subaccount_id, f_amount, f_currency, f_type, f_balance, f_source_type, f_source_type_code, f_source_id, f_source_ext,f_created_at,f_updated_at) value(78, 0, 44, 1003,14, 40, 0.12, 'cny',1,0.12,'system-account-deposit-in', '01001', 17,'',1495215661400,1495215661400);
insert into  t_subaccount_transactions(f_id, f_version, f_action_id, f_user_id, f_account_id, f_subaccount_id, f_amount, f_currency, f_type, f_balance, f_source_type, f_source_type_code, f_source_id, f_source_ext,f_created_at,f_updated_at) value(79, 0, 45, 1003,14, 40, -0.12, 'cny',1,0,'user-account-deposit', '01003', 17,'',1495215661462,1495215661462);
insert into  t_subaccount_transactions(f_id, f_version, f_action_id, f_user_id, f_account_id, f_subaccount_id, f_amount, f_currency, f_type, f_balance, f_source_type, f_source_type_code, f_source_id, f_source_ext,f_created_at,f_updated_at) value(81, 0, 46, 1003,14, 40, 5905.16, 'cny',1,5905.16,'system-account-deposit-in', '01001', 17,'',1495215664811,1495215664811);
insert into  t_subaccount_transactions(f_id, f_version, f_action_id, f_user_id, f_account_id, f_subaccount_id, f_amount, f_currency, f_type, f_balance, f_source_type, f_source_type_code, f_source_id, f_source_ext,f_created_at,f_updated_at) value(82, 0, 47, 1003,14, 40, -5905.16, 'cny',1,0,'user-account-deposit', '01003', 17,'',1495215664867,1495215664867);
insert into  t_subaccount_transactions(f_id, f_version, f_action_id, f_user_id, f_account_id, f_subaccount_id, f_amount, f_currency, f_type, f_balance, f_source_type, f_source_type_code, f_source_id, f_source_ext,f_created_at,f_updated_at) value(94, 0, 54, 1003,14, 40, 100, 'cny',1,100,'system-account-deposit-in', '01001', 17,'',1495215728601,1495215728601);
-- ---------------------------------------------------------